Price,Manufacturing_year,Engine capacity,KM driven,Ownership,Imperfections,Repainted Parts,Spare key_Yes,Transmission_Manual,Fuel type_Diesel,Fuel type_Petrol
561000,2017,1197,25847,2,6,2,False,True,False,True
498000,2016,1197,55511,2,12,1,True,True,False,True
577000,2020,1197,47110,1,4,2,False,True,False,True
1084000,2022,1462,35378,1,2,3,True,False,False,True
603000,2019,1197,91856,1,3,2,True,True,False,True
233000,2014,796,43780,1,10,2,False,True,False,True
593000,2020,1197,49583,1,1,0,True,True,False,True
583000,2018,1197,86837,2,4,6,False,False,False,True
513000,2016,1197,58570,2,10,3,True,True,False,True
378000,2019,998,50645,1,0,0,True,True,False,True
526000,2016,1197,77053,1,4,4,True,True,False,True
565000,2023,998,8023,1,1,1,False,False,False,True
384000,2022,796,18317,1,1,0,False,True,False,True
610000,2019,1197,73984,1,2,5,True,True,False,True
462000,2014,1197,65612,1,7,2,True,True,False,True
511000,2017,1197,81391,1,3,1,True,True,False,True
650000,2021,998,3760,2,1,0,True,False,False,True
616000,2017,1197,72891,2,3,7,True,False,False,True
588000,2023,998,10006,1,0,0,True,True,False,True
244000,2014,796,57290,1,0,0,True,True,False,True
533000,2018,1197,35090,1,4,2,True,True,False,True
436000,2021,998,45232,1,0,0,True,True,False,True
408000,2018,998,37192,2,5,3,False,True,False,True
565000,2023,998,15262,1,1,0,True,False,False,True
360000,2020,796,32285,1,6,3,False,True,False,True
617000,2018,1197,60017,1,3,3,True,True,False,True
333000,2014,998,76934,2,14,4,True,True,False,True
897000,2022,1462,16453,1,0,0,True,True,False,True
449000,2017,998,72304,1,0,0,True,False,False,True
447000,2017,998,76079,1,16,1,False,True,False,True
446000,2023,796,29652,1,2,2,False,True,False,True
450000,2019,998,99910,2,2,4,False,True,False,True
642000,2018,1197,62129,1,3,2,True,False,False,True
494000,2018,998,14268,1,7,2,True,False,False,True
610000,2018,1248,72273,2,0,0,False,True,True,False
497000,2017,1197,52488,1,1,3,True,True,False,True
718000,2019,1197,86198,1,20,7,True,False,False,True
441000,2016,1197,107226,3,0,0,True,True,False,True
253000,2012,998,61391,2,3,8,True,True,False,True
536000,2018,1197,106179,2,20,4,True,False,False,True
751000,2017,1248,111621,2,14,5,True,True,True,False
530000,2018,1197,74858,1,0,0,False,True,False,True
703000,2021,1197,60706,1,3,0,True,True,False,True
488000,2017,1197,69042,2,22,8,False,True,False,True
191000,2011,998,34213,1,11,3,True,True,False,True
582000,2015,1248,89450,2,5,4,True,True,True,False
643000,2017,1248,77742,1,0,0,True,False,True,False
690000,2021,1197,45407,1,11,8,True,True,False,True
527000,2014,1248,98752,1,6,1,True,True,True,False
521000,2015,1248,90513,1,0,0,False,True,True,False
209000,2015,796,110664,2,14,13,False,True,False,True
599000,2018,1197,68760,1,11,4,False,False,False,True
1146000,2023,1462,22737,1,0,0,True,True,False,True
705000,2020,1248,41774,1,0,0,True,False,False,True
1058000,2022,1462,66111,1,0,0,False,True,False,True
1146000,2023,1462,12590,1,0,0,False,True,False,True
783000,2021,1197,39505,1,1,1,True,True,False,True
438000,2013,1248,102255,1,14,1,True,True,True,False
637000,2020,1197,61979,1,1,7,True,True,False,True
392000,2017,998,92836,1,6,5,False,True,False,True
631000,2018,1197,76836,1,7,12,True,False,False,True
829000,2023,1197,10289,1,1,0,True,False,False,True
515000,2016,1197,34781,1,11,14,True,True,False,True
527000,2017,1197,63852,1,4,1,True,True,False,True
679000,2021,1197,62062,1,1,0,False,True,False,True
429000,2014,1197,54507,1,0,0,True,True,False,True
182000,2011,998,50057,1,26,7,False,True,False,True
640000,2017,1248,95453,1,2,3,True,False,True,False
1193000,2022,1462,41145,1,2,1,False,False,False,True
747000,2017,1248,45146,1,2,4,True,True,True,False
623000,2016,1197,38023,1,10,1,True,True,False,True
420000,2013,1197,52178,2,0,0,True,True,False,True
427000,2021,998,18842,2,9,0,True,True,False,True
1146000,2023,1462,18693,1,1,1,True,True,False,True
386000,2018,998,92102,1,4,1,True,True,False,True
637000,2022,998,48731,1,3,0,True,True,False,False
219000,2013,796,56113,2,15,9,False,True,False,True
790000,2020,1197,32142,1,8,4,True,False,False,True
1091000,2022,1462,23690,1,0,0,True,True,False,True
385000,2016,998,32899,2,25,8,False,False,False,True
670000,2018,1197,43363,1,12,4,True,False,False,True
336000,2019,998,47066,2,7,3,False,True,False,True
717000,2019,1462,55281,1,3,4,False,False,False,True
858000,2022,1197,31283,1,10,4,False,True,False,True
470000,2014,1197,48194,1,10,5,True,True,False,True
517000,2016,1248,61992,1,8,0,True,True,True,False
755000,2020,1462,50172,1,7,4,False,True,False,True
512000,2020,1197,77633,1,8,1,False,True,False,True
682000,2019,1197,31968,1,2,1,True,True,False,True
317000,2016,998,85292,1,5,9,False,False,False,True
326000,2019,796,31475,1,10,1,True,True,False,True
264000,2017,796,92881,1,0,0,False,True,False,True
780000,2022,1197,33086,1,0,0,False,True,False,True
230000,2014,796,92533,2,0,0,False,True,False,True
745000,2021,1197,49950,1,3,4,True,False,False,True
419000,2017,1197,85064,1,13,1,True,True,False,True
386000,2016,998,69973,2,6,2,False,False,False,True
429000,2017,1197,77579,2,4,4,False,True,False,True
629000,2019,1197,73813,2,16,10,False,True,False,True
425000,2018,998,69185,1,0,0,False,False,False,True
451000,2014,1197,62067,1,35,8,False,True,False,True
331000,2012,1197,71115,3,0,0,True,True,False,True
728000,2020,1197,15435,1,2,1,True,False,False,True
692000,2017,1248,101069,2,10,9,False,True,True,False
475000,2020,998,28358,1,7,2,False,True,False,True
714000,2019,1197,11957,2,7,0,True,False,False,True
219000,2013,796,48658,2,2,4,True,True,False,True
280000,2015,998,90358,3,5,3,False,True,False,True
190000,2011,998,72134,1,21,6,True,True,False,True
358000,2020,796,13485,1,6,1,True,True,False,True
320000,2015,998,43791,3,2,3,False,True,False,True
400000,2015,998,75112,1,6,4,True,False,False,True
657000,2018,1373,98119,1,16,7,True,True,False,True
706000,2022,1197,52707,2,4,5,False,False,False,True
462000,2014,1197,55835,1,16,6,False,True,False,True
530000,2020,998,47616,2,18,5,True,False,False,True
435000,2017,1197,70873,1,10,0,False,True,False,True
509000,2020,1197,66966,1,5,4,True,True,False,True
336000,2016,998,63813,2,12,9,False,True,False,True
231000,2013,998,70050,2,11,6,True,True,False,True
514000,2019,998,52328,1,2,0,True,False,False,True
415000,2018,998,99649,1,2,5,True,True,False,True
375000,2015,998,29956,1,15,1,False,True,False,True
422000,2018,998,64157,1,10,4,False,False,False,True
504000,2019,1197,52608,2,0,0,True,True,False,True
698000,2019,1197,24499,1,10,2,True,True,False,True
460000,2019,998,69332,1,15,2,False,True,False,True
513000,2016,1197,97531,1,13,10,False,True,False,True
665000,2019,1197,58448,1,4,8,True,True,False,True
345000,2017,998,67823,2,3,3,True,False,False,True
349000,2015,998,34292,2,16,5,True,True,False,True
649000,2019,1197,88651,1,3,4,True,True,False,True
445000,2018,998,68971,2,17,3,False,False,False,True
608000,2023,1197,35595,1,6,3,True,True,False,True
538000,2017,1197,39347,1,5,4,True,False,False,True
568000,2017,1373,105815,2,15,4,True,True,False,True
484000,2017,1197,63716,1,5,0,True,True,False,True
369000,2019,998,39091,1,22,3,True,True,False,True
373000,2016,998,77225,1,19,2,True,True,False,True
996000,2022,1462,23327,1,2,0,False,True,False,True
492000,2022,998,44382,2,3,1,True,True,False,True
408000,2017,998,66341,1,1,3,True,True,False,True
757000,2018,1373,88132,1,5,5,True,False,False,True
465000,2019,998,95456,1,14,0,True,False,False,True
439000,2021,998,26875,2,4,8,False,True,False,True
549000,2020,1197,50380,2,3,0,True,False,False,True
634000,2023,998,17447,1,1,0,True,False,False,True
358000,2020,796,30292,1,24,4,False,True,False,True
449000,2017,998,53241,1,2,2,True,False,False,True
600000,2021,998,24059,1,1,2,False,False,False,True
486000,2020,998,80265,1,2,1,True,True,False,False
414000,2017,998,51182,2,8,4,True,True,False,True
604000,2022,1197,22594,1,3,2,True,True,False,True
392000,2021,796,24463,1,15,7,True,True,False,True
380000,2021,796,26792,1,4,0,True,True,False,True
372000,2016,998,82834,1,12,8,True,False,False,True
436000,2021,998,46355,1,10,1,False,True,False,True
288000,2013,998,51088,2,0,0,False,True,False,True
826000,2022,1197,49533,1,6,4,False,True,False,True
677000,2019,1197,36262,1,12,5,False,True,False,True
331000,2014,998,69455,1,20,3,True,True,False,True
515000,2020,1197,48833,1,9,3,True,True,False,True
568000,2020,1197,26074,1,1,0,True,False,False,True
483000,2019,998,87744,1,6,0,False,False,False,True
376000,2014,998,98335,1,0,0,True,False,False,True
410000,2018,998,76210,1,3,1,True,True,False,True
414000,2017,998,77481,2,12,4,True,False,False,True
307000,2014,998,83098,2,23,2,False,True,False,True
413000,2017,998,81204,1,14,5,True,True,False,True
329000,2015,998,97385,2,8,3,False,True,False,True
517000,2018,1197,33509,1,12,1,True,False,False,True
511000,2019,1197,49347,1,1,1,True,True,False,True
620000,2022,1197,9301,1,0,0,False,False,False,True
600000,2021,1197,37541,1,8,8,False,False,False,True
540000,2020,1197,52823,1,13,6,True,True,False,True
490000,2022,998,35049,1,0,0,True,True,False,True
743000,2020,1462,61765,2,7,1,True,True,False,True
458000,2019,1197,72496,2,9,6,False,True,False,True
308000,2014,998,98723,2,12,5,True,True,False,True
527000,2021,998,40215,1,3,0,True,True,False,True
402000,2022,796,26385,1,2,2,True,True,False,True
418000,2018,998,99726,1,13,5,False,False,False,True
961000,2021,1462,57002,1,6,3,False,False,False,True
278000,2017,796,63989,2,14,5,True,True,False,True
547000,2016,1197,93648,3,8,0,True,True,False,True
338000,2014,998,76186,1,9,8,True,True,False,True
312000,2012,998,76750,1,9,8,False,True,False,True
763000,2018,1462,50723,2,6,3,True,False,False,True
537000,2018,1197,78023,1,5,2,True,True,False,True
530000,2018,1197,52856,2,7,1,True,True,False,True
497000,2016,1197,48242,2,8,3,True,True,False,True
726000,2021,1197,46568,1,4,3,True,True,False,True
612000,2019,1197,90696,1,18,1,True,False,False,True
177000,2011,998,81585,2,2,13,True,True,False,True
619000,2018,1197,49070,1,5,2,True,False,False,True
707000,2022,1197,35844,1,5,1,True,True,False,True
653000,2019,1197,41666,1,6,3,False,False,False,True
366000,2013,1248,82552,1,10,3,True,True,True,False
240000,2017,796,96161,2,0,0,False,True,False,True
989000,2021,1462,68282,1,0,0,False,False,False,True
1102000,2022,1462,24794,1,3,1,True,False,False,True
409000,2017,1197,98274,2,0,0,False,True,False,True
295000,2017,796,47179,1,7,2,True,True,False,True
373000,2021,796,24381,2,6,3,True,True,False,True
739000,2020,1197,47699,1,10,5,True,False,False,True
358000,2021,796,45381,1,7,3,True,True,False,True
281000,2017,796,66467,2,17,6,True,True,False,True
514000,2018,1197,77148,1,5,3,True,True,False,True
575000,2021,1197,29057,1,7,5,False,True,False,True
403000,2022,998,22864,1,2,0,True,True,False,True
751000,2016,1248,76173,1,6,0,True,True,True,False
361000,2017,998,90417,1,8,4,True,True,False,True
900000,2023,1197,28570,1,0,0,True,True,False,True
608000,2017,1197,61462,1,2,0,True,True,False,True
647000,2019,1197,55295,2,2,1,False,True,False,True
219000,2013,796,49551,2,3,6,True,True,False,True
620000,2018,1197,43680,1,7,2,False,True,False,True
999000,2021,1462,54421,1,1,0,False,True,False,True
356000,2012,1248,62234,2,4,12,False,True,True,False
980000,2021,1462,53293,1,1,0,True,True,False,True
664000,2019,1197,19029,1,1,2,True,False,False,True
643000,2021,1197,23180,1,4,2,True,True,False,True
318000,2014,998,58071,3,6,0,True,False,False,True
306000,2020,796,62586,2,3,2,True,True,False,True
441000,2015,1197,61446,2,21,9,False,True,False,True
194000,2013,998,62715,2,10,8,False,True,False,True
690000,2020,1197,55997,1,5,3,True,True,False,True
283000,2012,1197,42582,1,11,27,True,True,False,True
365000,2014,998,22765,1,6,6,True,True,False,True
738000,2021,1197,31437,1,8,5,True,True,False,True
696000,2018,1462,29010,1,6,3,False,True,False,True
424000,2022,796,10612,1,1,1,True,True,False,True
747000,2019,1197,32201,1,4,2,True,False,False,True
277000,2017,796,49061,1,10,5,True,True,False,True
450000,2021,998,10266,1,0,0,False,True,False,True
568000,2017,1197,47626,2,3,3,False,True,False,True
472000,2023,998,16628,1,0,0,False,True,False,True
273000,2013,998,64400,2,0,0,False,True,False,False
493000,2017,1197,74579,1,8,3,False,True,False,True
348000,2014,998,28118,1,2,2,False,True,False,False
353000,2015,998,52646,1,13,2,True,True,False,False
391000,2016,998,42692,1,14,3,False,False,False,True
491000,2017,1197,94021,2,3,0,True,True,False,True
1228000,2023,1462,32447,1,1,0,True,True,False,False
479000,2019,998,86195,1,3,2,True,True,False,False
1198000,2023,1462,21398,1,2,2,True,True,False,True
487000,2013,1248,40081,1,8,14,True,True,True,False
520000,2020,998,57184,1,3,2,True,True,False,False
747000,2016,1248,72213,1,13,3,True,True,True,False
792000,2021,1197,16690,1,4,2,True,False,False,True
581000,2018,1197,33974,1,8,4,True,False,False,True
1141000,2022,1462,18859,1,6,0,True,True,False,True
612000,2021,1197,26550,1,2,8,True,False,False,True
598000,2020,1197,56042,2,13,4,True,False,False,True
674000,2022,998,28720,1,4,0,True,False,False,True
528000,2017,1197,113814,2,7,5,False,False,False,True
312000,2014,998,81895,1,6,5,True,True,False,False
527000,2017,1248,107690,2,6,3,True,True,True,False
404000,2017,998,33857,2,9,0,True,False,False,True
505000,2016,1197,43273,1,16,3,True,True,False,True
747000,2018,1462,57301,1,6,4,True,False,False,True
459000,2016,1373,99639,1,14,0,False,True,False,True
699000,2018,1197,15600,1,4,4,True,False,False,True
631000,2018,1197,43313,1,2,5,True,False,False,True
337000,2013,1197,42338,1,22,8,False,True,False,True
237000,2015,796,68920,2,11,6,True,True,False,False
444000,2017,1197,89378,2,8,8,True,True,False,True
433000,2016,1197,35970,1,23,4,False,True,False,True
367000,2016,998,33655,1,23,0,True,True,False,True
566000,2016,1248,96990,1,5,2,True,True,True,False
601000,2015,1373,52143,3,18,5,False,True,False,False
301000,2015,998,95214,1,21,0,True,False,False,True
522000,2016,1197,34019,1,15,2,True,False,False,True
625000,2017,1248,53293,1,25,3,False,True,True,False
526000,2015,1248,56687,1,9,6,True,True,True,False
1159000,2022,1462,5377,1,1,1,True,True,False,True
334000,2021,796,26866,1,8,9,True,True,False,True
586000,2014,1373,62157,2,16,6,True,True,False,False
589000,2023,998,1958,1,4,0,True,True,False,True
600000,2019,1197,16547,2,3,9,True,False,False,True
376000,2017,998,57012,2,13,2,True,True,False,False
385000,2016,998,76727,1,17,3,True,False,False,True
773000,2021,1462,30926,1,3,2,True,True,False,True
580000,2018,1197,44613,2,5,8,True,False,False,True
327000,2015,998,73092,2,29,1,True,False,False,True
371000,2014,1197,53120,1,5,3,False,True,False,True
380000,2017,998,22280,1,6,1,False,True,False,True
288000,2014,998,99498,2,19,2,False,True,False,False
376000,2017,998,56359,2,9,4,True,True,False,False
518000,2019,998,35436,1,3,3,True,True,False,False
295000,2013,998,35954,1,25,3,False,True,False,True
439000,2016,1197,49757,2,27,4,False,True,False,True
1006000,2020,1462,29624,1,2,0,True,False,False,True
401000,2020,998,66992,1,4,2,False,True,False,False
305000,2015,998,28048,2,16,4,False,True,False,True
725000,2015,1248,74875,1,17,10,False,True,True,False
706000,2018,1462,18001,1,12,1,True,True,False,True
755000,2021,1462,16909,1,8,0,True,True,False,True
474000,2017,1197,57535,2,16,0,False,True,False,True
431000,2017,1197,56219,2,27,0,False,True,False,False
338000,2015,998,16624,1,5,2,False,True,False,True
506000,2017,1197,62669,1,20,4,True,True,False,True
438000,2013,1248,120050,1,25,16,True,True,True,False
408000,2018,998,98745,1,12,4,True,True,False,False
609000,2021,1197,34224,1,1,3,True,False,False,True
716000,2021,1197,14955,1,1,1,True,True,False,True
334000,2012,1197,60719,1,22,4,True,True,False,True
546000,2015,1248,59958,2,16,2,True,True,True,False
607000,2018,1197,33155,2,4,0,True,False,False,True
275000,2013,998,45304,1,13,12,False,True,False,True
513000,2013,1373,41016,2,14,4,True,True,False,True
651000,2015,1373,48033,1,19,1,True,True,False,True
427000,2019,998,21125,1,9,0,True,False,False,True
468000,2021,1197,19528,2,4,0,True,True,False,True
866000,2020,1462,23697,1,23,3,True,False,False,True
239000,2012,998,43569,2,19,2,False,True,False,True
708000,2019,1197,24684,1,3,0,True,False,False,True
341000,2015,998,34384,1,12,0,False,True,False,True
476000,2022,998,10815,1,9,0,True,True,False,True
525000,2017,1197,29835,1,5,6,False,True,False,True
587000,2021,998,13106,1,7,3,True,True,False,False
480000,2021,998,48375,1,1,2,False,True,False,False
476000,2019,1197,25824,1,0,0,True,True,False,True
375000,2017,998,84486,1,1,0,True,False,False,True
529000,2019,1197,22343,2,14,2,True,True,False,True
643000,2019,1462,54408,2,13,4,False,False,False,True
465000,2017,1197,38048,2,22,2,False,False,False,True
432000,2017,1197,30176,1,10,4,True,True,False,True
515000,2017,1197,30064,2,4,1,True,True,False,True
865000,2021,1462,29291,1,2,0,True,False,False,True
318000,2014,998,98502,1,0,0,False,False,False,True
562000,2021,998,23233,1,9,4,True,True,False,False
587000,2022,1197,20987,1,1,0,True,True,False,True
478000,2017,1197,19428,2,3,4,True,False,False,True
945000,2021,1462,33706,1,22,1,True,False,False,True
927000,2021,1462,16992,1,4,2,False,False,False,True
416000,2020,998,37608,1,11,0,True,True,False,False
525000,2014,1248,11144,1,13,7,True,True,True,False
371000,2017,998,43944,2,14,0,True,True,False,True
287000,2014,998,105898,2,30,0,False,True,False,False
379000,2017,998,34793,1,16,0,False,True,False,True
562000,2021,998,30981,1,5,3,True,True,False,False
333000,2014,998,95135,1,0,0,True,True,False,False
586000,2021,998,36188,1,8,1,True,True,False,False
723000,2023,998,3883,1,1,0,True,False,False,True
879000,2020,1462,31176,1,7,3,True,False,False,True
506000,2018,1197,77150,1,13,2,True,False,False,True
1225000,2023,1462,21141,1,0,0,True,True,False,False
529000,2020,998,25230,1,5,3,True,True,False,False
392000,2014,1197,29876,1,20,6,True,True,False,True
381000,2015,1197,76928,2,9,3,True,True,False,True
562000,2018,1197,51852,1,15,3,True,False,False,True
351000,2017,998,19081,1,32,2,False,True,False,True
234000,2012,998,42531,2,22,0,False,True,False,True
556000,2017,1248,73649,1,19,1,True,True,True,False
462000,2019,1197,11829,2,10,4,True,True,False,True
679000,2016,1373,43851,1,1,0,False,True,False,True
280000,2014,998,67447,1,16,3,True,True,False,True
591000,2014,1248,119998,2,18,5,True,True,True,False
1231000,2023,1462,10234,1,0,0,True,True,False,True
536000,2021,1197,18693,1,9,2,True,True,False,True
630000,2019,1197,16282,2,2,2,True,False,False,True
562000,2021,998,27051,1,8,1,True,True,False,False
454000,2020,998,13440,1,13,0,True,False,False,True
574000,2021,998,39613,1,16,3,True,True,False,False
620000,2022,1197,6992,1,1,2,True,True,False,True
304000,2014,998,42307,1,11,0,True,True,False,True
282000,2017,796,83469,1,2,5,True,True,False,False
1213000,2022,1462,24494,1,1,0,True,False,False,True
1016000,2021,1462,48740,1,0,0,True,True,False,True
476000,2015,1373,85633,1,7,0,True,True,False,True
1155000,2022,1373,20619,1,1,0,False,True,False,False
214000,2014,796,40783,1,3,2,False,True,False,True
207000,2014,998,31827,2,12,4,True,True,False,True
369000,2015,1197,84530,1,18,1,False,True,False,True
454000,2017,1197,49544,2,25,2,True,True,False,True
583000,2020,1197,33723,1,9,0,False,True,False,True
333000,2014,1197,69389,1,10,6,True,True,False,True
378000,2013,1197,33244,1,7,6,True,True,False,True
519000,2017,1197,34196,1,1,0,True,True,False,True
285000,2017,796,76356,1,8,9,False,True,False,False
567000,2016,1373,90742,1,9,3,True,False,False,True
243000,2015,998,51243,2,6,1,False,True,False,True
306000,2014,998,76296,1,18,3,False,False,False,True
388000,2018,998,48605,2,10,2,True,True,False,False
511000,2020,1197,20785,1,3,1,True,True,False,True
270000,2014,998,53375,1,8,1,True,True,False,True
546000,2016,1248,62767,1,9,1,True,True,True,False
665000,2015,1373,31504,1,10,4,False,True,False,False
388000,2017,998,27882,1,16,4,False,True,False,True
390000,2014,1197,42022,1,13,7,True,True,False,True
403000,2017,998,79682,1,17,1,False,True,False,False
366000,2017,998,65289,1,13,0,True,False,False,True
286000,2013,998,80601,1,28,9,False,True,False,False
329000,2014,998,32718,1,15,0,True,False,False,True
521000,2017,1197,77650,1,25,8,False,False,False,True
779000,2021,1197,14683,1,1,0,True,False,False,True
267000,2013,998,75349,2,13,5,False,True,False,False
570000,2021,998,13032,1,4,0,True,True,False,False
488000,2022,998,31772,1,3,0,False,True,False,False
467000,2018,1197,76787,2,6,1,True,False,False,True
689000,2016,1373,69763,1,12,3,True,True,False,False
251000,2016,796,45935,2,19,1,True,True,False,True
497000,2020,998,12950,2,7,2,True,True,False,False
385000,2016,998,90267,2,14,1,False,True,False,False
515000,2017,1197,35708,1,8,6,False,True,False,True
299000,2013,998,44009,1,8,2,False,True,False,True
493000,2016,1197,71405,1,6,2,True,True,False,True
428000,2014,1197,17595,2,0,0,True,True,False,True
385000,2019,796,8064,1,5,2,True,True,False,True
243000,2013,796,90913,1,9,14,True,True,False,False
585000,2021,998,51151,1,3,1,True,True,False,False
351000,2013,1197,87034,2,0,0,False,True,False,True
331000,2017,998,60005,3,4,13,True,True,False,True
470000,2022,998,16213,1,0,0,True,True,False,True
245000,2013,998,18101,1,0,0,True,True,False,True
358000,2015,998,56620,1,6,1,False,True,False,True
612000,2022,1197,7097,1,1,0,True,True,False,True
621000,2017,1197,37274,1,8,2,True,False,False,True
973000,2023,1462,21217,1,1,2,True,True,False,True
409000,2018,1197,54728,1,22,17,False,True,False,True
468000,2015,1197,96263,1,0,0,True,True,False,True
170000,2011,998,123621,2,25,6,False,True,False,True
319000,2015,998,30634,1,10,6,False,False,False,True
381000,2018,1197,57747,1,26,5,True,True,False,True
476000,2016,1197,52736,1,12,5,True,True,False,True
448000,2016,1197,64434,2,17,8,True,True,False,True
454000,2017,1197,42316,2,0,0,False,True,False,True
518000,2017,1197,110283,2,7,4,True,True,False,True
327000,2017,998,98581,2,0,0,True,True,False,False
435000,2018,998,90082,2,0,0,False,True,False,False
652000,2018,1248,100984,1,0,0,True,False,True,False
635000,2018,1248,83762,2,0,0,False,True,True,False
524000,2019,1197,39639,2,19,12,True,True,False,True
330000,2014,998,37678,1,18,5,False,True,False,True
347000,2017,998,70769,2,17,7,True,False,False,True
439000,2019,998,37817,1,7,5,False,True,False,True
357000,2013,1197,88376,1,0,0,False,True,False,True
347000,2017,998,32701,1,4,2,True,True,False,True
976000,2021,1462,19967,1,2,0,True,True,False,True
375000,2015,998,27204,1,16,4,True,True,False,True
544000,2013,1248,96999,1,11,4,True,True,True,False
404000,2017,998,67082,1,1,12,True,False,False,True
449000,2019,1197,69689,1,13,6,False,True,False,True
677000,2020,1197,32117,2,16,3,True,False,False,True
500000,2019,998,59169,1,0,0,True,True,False,False
435000,2014,1197,63296,1,0,0,False,True,False,True
547000,2020,1197,58158,1,6,6,False,False,False,True
453000,2017,1197,116084,1,0,0,True,True,False,True
535000,2017,1197,69911,2,6,3,True,True,False,True
307000,2011,1197,39721,2,18,14,True,True,False,True
234000,2014,998,53066,1,13,4,False,True,False,True
470000,2020,998,52105,1,9,2,True,False,False,True
579000,2017,1373,51872,1,7,9,False,True,False,True
491000,2021,998,38233,1,13,2,True,True,False,True
454000,2013,1248,100777,1,20,9,True,True,True,False
921000,2022,1197,27338,1,3,0,True,False,False,True
287000,2013,998,75649,2,0,0,False,True,False,True
737000,2020,1462,63804,1,7,5,False,True,False,True
497000,2019,1197,71773,1,6,6,True,False,False,True
294000,2017,796,69275,1,0,0,False,True,False,True
193000,2012,998,72136,2,15,7,True,True,False,True
552000,2020,998,37683,1,11,4,True,True,False,False
1089000,2022,1462,11953,1,11,0,True,False,False,True
285000,2012,998,105803,1,14,0,True,True,False,False
429000,2020,998,41534,1,6,4,True,True,False,False
565000,2022,1197,11679,1,7,2,True,True,False,True
588000,2018,1197,44226,1,4,8,True,True,False,True
434000,2018,998,108085,2,20,9,False,True,False,False
1220000,2023,1462,8892,1,0,0,True,True,False,True
886000,2020,1462,28539,1,15,2,True,False,False,True
600000,2016,1373,39516,1,11,7,True,True,False,True
318000,2017,998,51875,2,7,5,True,False,False,True
522000,2015,1373,80161,2,14,7,False,False,False,True
373000,2016,998,78845,1,8,2,True,True,False,True
393000,2016,998,94780,2,15,11,True,False,False,True
466000,2019,998,36411,2,9,0,True,False,False,True
519000,2015,1373,77033,2,12,7,True,True,False,True
484000,2022,998,20971,1,5,1,True,True,False,False
446000,2020,998,17104,1,3,1,True,False,False,True
560000,2017,1197,99905,1,13,9,True,False,False,True
578000,2016,1373,50044,1,9,5,True,True,False,True
651000,2023,998,12621,1,6,1,False,False,False,True
441000,2019,998,27670,2,1,3,True,False,False,True
552000,2023,998,1207,1,1,0,True,False,False,True
450000,2012,1248,100146,1,31,9,True,True,True,False
297000,2013,998,44631,1,0,0,True,True,False,True
664000,2018,1373,85512,1,6,12,False,False,False,True
483000,2022,998,13814,1,1,0,True,True,False,True
412000,2014,1197,124716,1,0,0,True,True,False,True
413000,2018,998,41964,2,6,1,True,False,False,True
475000,2019,998,57936,1,13,6,False,True,False,True
245000,2011,998,85612,1,19,12,False,True,False,True
345000,2015,998,52911,1,23,6,True,True,False,True
1258000,2023,1462,28161,1,1,0,True,True,False,True
456000,2014,1197,41277,1,4,1,True,True,False,True
936000,2020,1462,39121,1,0,0,True,False,False,True
462000,2018,998,31440,1,15,5,False,True,False,True
1408000,2022,1462,10786,1,0,0,True,False,False,True
266000,2012,998,71136,1,29,4,True,True,False,True
501000,2021,998,45951,2,9,12,True,True,False,True
361000,2016,998,62835,2,4,6,True,False,False,True
358000,2016,998,85873,2,23,4,False,False,False,True
278000,2012,998,63196,1,0,0,True,True,False,True
266000,2012,998,79028,1,26,3,True,True,False,True
510000,2018,998,22237,1,9,21,False,True,False,True
358000,2014,998,82634,1,0,0,True,True,False,False
431000,2014,1197,55450,2,0,0,False,True,False,True
489000,2019,998,63339,2,0,0,False,True,False,False
547000,2013,1373,48598,1,3,1,False,True,False,True
525000,2016,1197,31322,2,9,3,False,True,False,True
377000,2014,1197,80409,1,0,0,True,True,False,True
472000,2016,1197,75058,1,22,2,True,True,False,True
211000,2014,796,60963,1,21,7,True,True,False,True
378000,2017,998,78252,2,0,0,True,True,False,False
323000,2017,998,70605,1,0,0,True,False,False,True
297000,2016,998,94154,2,8,9,True,False,False,True
710000,2022,1197,25919,1,0,0,True,True,False,True
485000,2014,1197,27791,1,8,2,False,True,False,True
565000,2020,998,40609,1,6,4,True,True,False,False
520000,2017,1373,62978,1,4,2,False,True,False,True
397000,2017,998,115719,2,0,0,True,True,False,False
544000,2017,1197,27135,1,23,2,False,True,False,True
356000,2014,998,65835,1,15,11,True,True,False,False
488000,2018,998,57098,1,9,1,True,True,False,False
449000,2017,1197,34421,2,4,9,False,True,False,True
825000,2021,1197,4744,1,0,0,False,False,False,True
294000,2014,998,80360,2,17,7,False,True,False,True
496000,2019,998,32605,2,14,5,True,False,False,True
349000,2015,998,43688,1,15,9,False,True,False,True
414000,2017,998,58845,2,28,3,False,True,False,False
641000,2018,1373,23948,1,5,1,False,True,False,True
484000,2018,1197,98346,1,7,3,True,True,False,True
469000,2016,1197,62561,1,10,5,True,True,False,True
525000,2020,998,61137,1,11,7,True,True,False,False
181000,2014,796,107619,3,18,6,False,True,False,False
362000,2012,1197,64036,1,2,4,True,True,False,True
587000,2013,1373,69001,1,8,2,True,True,False,False
426000,2016,998,10347,1,17,5,True,True,False,False
296000,2015,998,31342,2,9,3,True,False,False,True
602000,2015,1248,70911,1,11,3,True,True,True,False
439000,2012,1248,82541,1,8,11,False,True,True,False
548000,2022,1197,9464,1,10,1,True,True,False,True
838000,2021,1462,17902,1,5,1,True,False,False,True
354000,2020,796,37246,2,6,3,True,True,False,True
304000,2013,998,24588,1,17,3,False,True,False,True
551000,2016,1197,60938,2,19,10,True,False,False,True
274000,2013,998,60787,2,11,1,True,True,False,True
513000,2021,1197,7994,1,7,4,True,True,False,True
515000,2018,1197,46150,1,19,8,True,True,False,True
507000,2016,1197,8433,2,6,6,True,True,False,True
294000,2013,998,115715,1,15,2,True,True,False,False
589000,2023,998,5169,1,7,1,True,True,False,True
459000,2018,998,99211,1,16,1,True,True,False,False
348000,2016,998,36942,2,24,4,True,True,False,True
614000,2023,1197,11054,1,8,3,True,True,False,True
521000,2022,998,20485,1,5,6,True,True,False,True
956000,2019,1462,48847,2,1,0,True,False,False,True
424000,2017,998,22789,1,11,2,True,True,False,True
445000,2015,1197,65005,2,18,4,True,True,False,True
286000,2013,998,57444,1,35,3,True,True,False,True
700000,2021,1197,19045,1,2,3,True,False,False,True
467000,2022,1197,6841,1,9,4,True,True,False,True
921000,2019,1462,54342,1,12,0,True,False,False,True
1220000,2022,1462,43830,1,3,4,True,True,False,True
1185000,2022,1462,40395,2,2,0,True,False,False,True
700000,2021,1197,39141,2,3,0,True,False,False,True
389000,2015,1197,82619,1,10,4,False,True,False,True
687000,2018,1462,45236,2,9,5,True,False,False,True
243000,2015,998,75053,1,12,7,True,True,False,True
546000,2020,1197,107988,2,0,0,True,True,False,True
1103000,2022,1462,16283,1,0,0,True,True,False,True
308000,2018,998,52966,1,8,3,True,True,False,True
453000,2016,1197,81039,1,14,2,True,False,False,True
363000,2017,998,36674,1,14,7,True,True,False,True
633000,2020,1462,29871,2,9,3,True,True,False,True
264000,2016,796,29295,1,20,4,False,True,False,True
472000,2019,1197,51244,1,12,2,True,True,False,True
756000,2019,1462,59733,1,7,5,True,True,False,True
887000,2020,1462,26199,1,6,0,False,True,False,True
564000,2017,1197,42752,1,8,3,True,False,False,True
973000,2022,1462,49458,1,4,1,True,True,False,True
332000,2020,796,27947,2,10,0,False,True,False,True
598000,2020,1197,60935,1,11,0,True,True,False,True
377000,2022,796,13283,1,10,1,True,True,False,True
609000,2017,1373,92386,1,17,4,True,True,False,True
710000,2020,1462,24819,1,2,0,False,True,False,True
250000,2013,998,70322,2,11,4,True,True,False,True
528000,2019,1197,29453,1,15,2,True,True,False,True
700000,2022,1462,36045,1,3,0,True,True,False,True
839000,2019,1462,39821,1,5,1,True,False,False,True
511000,2019,1197,33972,1,10,5,True,True,False,True
570000,2019,1197,109938,1,14,5,True,True,False,True
369000,2016,998,21218,1,4,4,True,False,False,True
1288000,2022,1462,6634,1,0,0,True,False,False,True
412000,2019,998,26471,1,7,3,True,False,False,True
398000,2022,796,27014,1,10,2,False,True,False,True
577000,2019,1197,43834,1,11,5,True,True,False,True
627000,2019,1248,86541,1,15,1,True,False,True,False
341000,2017,998,42926,1,3,4,True,False,False,True
455000,2019,1197,57073,1,7,15,False,True,False,True
635000,2021,1197,11486,1,16,5,False,False,False,True
397000,2018,998,11942,1,19,5,True,True,False,True
525000,2019,1197,67091,1,13,4,True,True,False,True
677000,2022,1197,25782,1,8,12,False,True,False,True
809000,2020,1462,30949,1,30,11,True,False,False,True
596000,2018,1197,50947,1,6,0,True,False,False,True
1026000,2023,1462,8502,2,1,0,True,True,False,True
721000,2022,1197,24626,1,34,15,False,True,False,True
665000,2021,1197,38768,1,2,0,True,False,False,True
631000,2022,1197,35218,1,15,5,False,True,False,True
533000,2022,1197,18015,1,8,0,True,True,False,True
424000,2015,1197,43488,2,31,7,True,True,False,True
599000,2022,1197,10783,1,11,2,True,True,False,False
407000,2017,998,22156,1,0,0,False,False,False,True
337000,2016,1197,69235,3,0,0,False,True,False,True
350000,2017,998,60446,1,17,2,True,True,False,True
667000,2021,1197,23264,2,11,0,True,False,False,True
419000,2016,1373,123772,1,36,4,True,True,False,True
523000,2023,1197,10469,1,7,3,True,True,False,True
477000,2016,1197,33099,1,16,0,True,True,False,True
402000,2021,796,38458,1,8,0,False,True,False,False
337000,2018,998,40632,1,16,4,True,False,False,True
452000,2014,1373,39298,1,14,1,False,True,False,True
227000,2015,998,45475,3,37,2,True,True,False,True
686000,2019,1248,102604,1,28,0,False,True,True,False
819000,2019,1462,62418,2,2,6,True,False,False,True
464000,2019,1197,19085,1,3,3,True,True,False,True
435000,2023,998,14943,1,6,0,True,True,False,True
266000,2016,998,86421,1,11,6,False,True,False,True
1062000,2022,1462,24062,1,8,3,True,False,False,True
470000,2017,1197,22148,1,14,7,True,True,False,True
283000,2013,1197,61671,1,16,3,True,True,False,True
622000,2021,1197,30314,1,4,8,True,True,False,True
584000,2019,1197,32866,2,1,1,True,True,False,True
366000,2021,796,8830,1,10,4,False,True,False,True
487000,2020,998,65081,1,9,10,True,True,False,False
162000,2011,998,93282,1,35,10,False,True,False,True
551000,2020,1197,25069,1,6,4,True,True,False,True
681000,2019,1197,15895,1,10,2,True,False,False,True
303000,2015,998,75874,1,7,1,True,True,False,True
503000,2021,998,43689,1,23,2,False,True,False,False
479000,2021,1197,25742,1,6,4,False,True,False,True
594000,2018,1197,27356,2,10,0,True,True,False,True
594000,2020,1197,27841,1,6,3,False,True,False,True
583000,2017,1373,93015,1,19,12,True,True,False,True
498000,2022,1197,32238,2,3,5,False,True,False,True
842000,2021,1462,57060,1,10,10,False,False,False,True
660000,2021,1197,49622,1,11,4,False,False,False,True
301000,2016,998,54080,2,11,7,True,True,False,True
221000,2016,796,97698,2,14,6,True,True,False,True
843000,2022,1197,27052,1,6,6,True,False,False,True
392000,2015,1197,39849,1,28,2,True,True,False,True
254000,2012,1197,41942,1,23,5,True,True,False,True
469000,2023,998,21607,1,3,6,False,True,False,True
208000,2011,1197,31841,1,30,2,True,True,False,True
359000,2017,998,43944,1,24,10,False,True,False,True
470000,2016,1197,89506,1,8,7,True,True,False,True
349000,2015,1197,102460,1,6,9,False,True,False,True
401000,2012,1373,54751,1,24,5,True,True,False,True
763000,2020,1197,15673,1,1,3,True,False,False,True
554000,2018,1462,52662,2,15,3,True,True,False,True
371000,2018,998,60902,2,7,0,True,True,False,True
299000,2013,1197,82496,1,25,8,True,True,False,True
635000,2017,1373,90015,2,10,6,True,False,False,False
528000,2016,1373,57286,1,8,12,False,True,False,True
523000,2019,1197,65056,2,13,2,True,True,False,True
516000,2018,1197,45853,2,18,6,False,True,False,True
406000,2019,998,63194,1,19,6,True,True,False,True
640000,2018,1197,21574,1,6,5,True,True,False,True
526000,2016,1373,87163,1,17,5,True,True,False,True
755000,2022,1197,12432,1,6,2,True,True,False,True
604000,2021,1197,41436,1,5,9,False,True,False,True
548000,2019,1197,47849,2,14,8,False,True,False,False
343000,2016,1197,82344,2,30,2,False,True,False,True
335000,2015,1197,71287,2,29,7,False,True,False,True
526000,2019,1197,8644,1,4,1,True,False,False,True
560000,2018,1197,54458,2,6,4,True,False,False,True
393000,2015,1197,35817,1,8,5,True,True,False,True
490000,2017,1197,47472,1,12,5,True,True,False,True
673000,2022,1197,36051,1,4,6,True,False,False,True
484000,2018,1197,26662,1,2,0,True,False,False,True
502000,2017,1197,91549,1,37,4,True,True,False,True
378000,2020,998,31102,2,27,11,False,True,False,True
265000,2012,1197,34096,1,12,15,False,True,False,True
561000,2019,1197,59602,2,15,5,True,True,False,True
406000,2022,796,2116,1,2,0,False,True,False,True
474000,2016,1373,107298,1,35,12,True,True,False,True
333000,2014,1197,78609,2,39,6,True,True,False,True
622000,2021,1197,33717,1,30,11,True,True,False,True
324000,2016,998,86692,2,4,1,True,False,False,True
573000,2021,1197,20654,1,7,5,False,True,False,True
493000,2016,1373,60410,1,7,2,True,True,False,True
392000,2015,1197,27571,1,0,0,False,True,False,True
373000,2015,1197,59260,1,0,0,True,True,False,True
485000,2015,1373,56400,1,26,5,True,True,False,True
222000,2011,1197,48906,1,43,8,False,True,False,True
320000,2014,1197,72832,1,32,7,True,True,False,True
332000,2020,998,26213,2,14,4,False,True,False,True
1048000,2022,1462,21566,1,1,0,True,False,False,True
334000,2017,998,117691,1,0,0,True,True,False,False
449000,2017,1197,105428,1,27,3,True,True,False,True
419000,2016,1197,94626,1,6,3,True,True,False,True
427000,2019,998,74343,1,30,1,True,False,False,True
273000,2014,998,32631,1,0,0,False,True,False,True
379000,2016,998,37597,2,5,0,False,False,False,True
915000,2022,1462,35472,1,25,3,True,True,False,True
590000,2019,1197,36124,1,10,5,True,False,False,True
644000,2021,1197,33848,1,10,4,True,True,False,True
699000,2020,1197,27579,2,12,0,True,False,False,True
368000,2022,796,34574,1,15,5,True,True,False,True
477000,2020,998,41307,2,9,2,False,False,False,True
503000,2017,1197,29628,1,7,1,True,True,False,True
749000,2019,1462,41735,1,23,8,True,True,False,True
472000,2020,998,20914,1,4,0,True,True,False,True
298000,2018,796,68062,1,12,2,True,True,False,True
932000,2022,1462,15892,1,0,0,True,True,False,True
451000,2015,1248,70867,2,28,6,True,True,True,False
529000,2019,1197,65533,1,24,9,False,True,False,True
545000,2022,1197,13103,1,11,0,True,True,False,True
278000,2018,796,89267,1,19,9,False,True,False,True
336000,2020,796,35457,1,27,3,True,True,False,True
633000,2021,1197,29923,1,10,4,True,True,False,True
154000,2011,998,63048,1,33,3,False,True,False,True
294000,2016,998,48331,2,8,3,True,False,False,True
644000,2021,1197,28415,1,14,3,True,True,False,True
368000,2017,998,103154,1,0,0,False,True,False,False
506000,2017,1197,33665,2,23,6,False,True,False,True
631000,2020,1197,55790,1,1,5,True,True,False,True
644000,2021,1197,25705,1,11,5,True,True,False,True
551000,2019,1197,35190,1,7,5,False,True,False,True
600000,2019,1197,43478,1,22,3,True,True,False,True
462000,2015,1373,109535,1,27,13,True,True,False,True
395000,2017,998,41734,1,6,11,False,False,False,True
598000,2020,1197,60770,1,9,3,False,True,False,True
373000,2018,998,91668,1,12,7,True,True,False,False
630000,2018,1462,43343,1,10,9,True,True,False,True
436000,2017,1197,23582,1,11,6,True,True,False,True
642000,2017,1373,43537,1,13,4,False,True,False,True
417000,2017,1197,42401,1,15,1,True,True,False,True
411000,2018,998,50012,1,29,3,False,False,False,True
410000,2020,998,18442,1,7,1,True,True,False,True
425000,2015,1197,69216,1,25,16,True,True,False,True
373000,2018,998,87192,1,11,9,True,True,False,False
435000,2015,1373,119077,1,27,7,True,True,False,True
218000,2011,1197,68075,1,30,6,True,True,False,True
733000,2019,1462,46573,1,20,2,True,True,False,True
802000,2022,1197,47217,2,8,5,True,True,False,False
533000,2022,1197,12195,1,4,0,False,True,False,True
479000,2020,998,24266,1,8,1,False,True,False,True
648000,2018,1462,104059,1,32,4,True,False,False,True
407000,2020,998,15966,1,7,0,True,True,False,True
510000,2018,1197,38776,1,0,0,True,True,False,True
425000,2022,998,21688,2,1,0,True,True,False,True
804000,2019,1462,27877,1,7,8,True,True,False,True
358000,2017,998,80495,1,33,6,True,False,False,True
506000,2020,998,72472,1,25,4,True,True,False,False
506000,2017,1197,29508,2,14,0,True,True,False,True
312000,2015,998,66325,1,19,2,False,True,False,True
663000,2019,1462,66068,1,14,2,False,True,False,True
660000,2020,1197,35495,1,15,0,True,True,False,True
623000,2019,1197,21221,1,5,4,True,True,False,True
233000,2011,1197,28803,1,0,0,True,True,False,True
417000,2017,1197,47968,1,15,5,True,True,False,True
659000,2020,1197,31845,1,11,6,True,True,False,True
631000,2019,1197,47915,2,24,3,True,False,False,True
369000,2020,998,30651,1,6,2,True,True,False,True
633000,2018,1197,36969,1,12,2,True,False,False,True
592000,2022,998,22666,1,19,0,True,False,False,True
201000,2011,998,31824,3,20,5,False,True,False,True
490000,2017,1197,41801,1,13,5,True,True,False,True
572000,2018,1373,46722,2,9,12,True,False,False,True
491000,2017,1197,68287,1,30,7,False,True,False,True
503000,2017,1197,31714,1,12,5,False,True,False,True
534000,2017,1197,69002,1,21,5,False,False,False,True
627000,2020,1197,59534,1,9,2,True,True,False,False
266000,2014,998,72090,1,21,4,True,True,False,True
542000,2018,1197,70189,1,15,9,False,False,False,True
442000,2016,998,47493,1,10,0,True,False,False,True
272000,2014,998,53117,1,0,0,True,True,False,True
633000,2018,1197,18854,1,6,3,False,False,False,True
608000,2020,1197,38482,1,2,6,False,True,False,True
741000,2019,1462,52112,1,1,4,True,False,False,True
677000,2018,1462,76460,2,8,3,True,True,False,True
182000,2011,1197,43506,1,0,0,True,True,False,True
377000,2022,796,13185,1,8,0,True,True,False,True
355000,2016,998,68891,1,0,0,True,False,False,True
256000,2012,1197,43425,2,0,0,True,True,False,True
272000,2012,1197,51629,1,35,12,True,True,False,True
394000,2018,998,80107,3,0,0,False,True,False,False
374000,2016,998,84574,1,10,8,True,False,False,True
427000,2014,1373,81914,1,5,3,True,True,False,True
287000,2013,1197,82487,2,0,0,True,True,False,True
501000,2019,1197,12716,1,23,2,True,False,False,True
246000,2014,998,64539,2,0,0,False,True,False,True
496000,2015,1197,33752,1,24,8,True,True,False,True
802000,2019,1462,31431,1,17,3,True,False,False,True
412000,2019,998,28660,1,10,3,False,False,False,True
287000,2012,1197,48618,1,29,9,False,True,False,True
411000,2021,998,15360,1,27,3,True,True,False,True
319000,2013,1197,36474,1,0,0,True,True,False,True
446000,2018,998,54533,2,9,4,True,False,False,True
218000,2012,998,32625,1,13,6,False,True,False,True
400000,2014,1197,62656,1,7,5,True,True,False,True
267000,2014,998,65520,1,18,5,False,True,False,True
432000,2021,998,12058,1,9,2,True,True,False,True
297000,2012,1197,54292,1,31,10,False,True,False,True
622000,2019,1197,80139,1,17,7,True,False,False,True
601000,2017,1373,77919,1,21,6,True,True,False,True
642000,2018,1373,119884,1,9,8,True,False,False,True
631000,2020,1197,58514,1,8,1,True,True,False,True
490000,2015,1373,94923,1,21,7,True,True,False,True
388000,2016,998,65734,1,14,0,True,False,False,True
466000,2021,998,27032,1,9,1,True,False,False,True
184000,2011,1197,41367,1,0,0,False,True,False,True
608000,2017,1373,91528,1,32,7,True,False,False,True
363000,2020,796,20288,1,4,3,True,True,False,True
455000,2022,998,12690,1,4,0,True,True,False,True
425000,2015,1197,69308,1,23,8,False,True,False,True
275000,2014,998,65948,2,12,9,True,True,False,True
492000,2022,1197,35102,1,7,1,True,True,False,True
852000,2020,1462,24961,1,10,1,True,True,False,True
477000,2018,1197,58159,1,13,2,True,True,False,True
507000,2019,1197,60326,1,0,0,True,True,False,True
863000,2022,1197,5527,1,1,0,True,False,False,True
471000,2016,1197,56124,1,9,4,True,False,False,True
283000,2017,796,26537,1,16,6,False,True,False,True
265000,2014,998,71297,1,5,3,True,False,False,True
650000,2023,1197,10050,2,15,0,True,True,False,True
494000,2022,998,12708,1,9,2,False,True,False,True
479000,2021,1197,17472,1,11,9,True,True,False,True
1153000,2023,1462,7048,1,3,0,True,True,False,True
793000,2023,1197,18868,1,6,5,True,True,False,False
468000,2015,1373,45312,1,30,4,True,True,False,True
816000,2022,1462,15983,1,6,1,False,True,False,True
421000,2019,998,60076,1,0,0,True,True,False,False
484000,2017,1197,22263,1,0,0,True,True,False,True
647000,2019,1248,59343,2,5,5,False,False,True,False
477000,2018,1197,59288,1,0,0,True,True,False,True
417000,2019,1196,62412,2,3,10,True,True,False,False
216000,2013,998,19685,1,3,0,True,True,False,True
374000,2020,998,54485,1,31,6,True,True,False,True
454000,2019,1197,20189,1,4,6,False,True,False,True
574000,2022,998,6799,1,2,1,True,True,False,False
376000,2017,1197,84544,2,6,1,True,True,False,True
330000,2012,1373,52584,2,31,6,True,True,False,True
368000,2015,1197,65365,1,0,0,True,True,False,True
349000,2017,998,56638,1,0,0,True,True,False,True
618000,2020,1197,36095,2,9,1,True,True,False,True
267000,2016,998,77786,3,10,4,False,False,False,True
490000,2015,1373,56050,1,12,0,True,True,False,True
390000,2018,998,56257,1,0,0,True,True,False,False
410000,2017,1197,88225,1,0,0,True,True,False,False
540000,2023,998,2440,1,3,3,True,True,False,True
671000,2018,1462,51690,1,18,1,True,True,False,True
503000,2020,998,67693,1,23,4,True,True,False,False
336000,2017,998,43451,2,16,0,False,True,False,True
298000,2015,998,46592,1,33,6,True,True,False,True
683000,2021,1197,39686,1,1,6,True,True,False,True
490000,2017,1197,83664,1,14,0,False,True,False,True
625000,2022,998,38261,1,6,7,True,True,False,False
398000,2017,998,40144,1,10,0,True,False,False,True
378000,2017,998,116413,1,0,0,True,True,False,False
482000,2019,998,48593,1,19,3,True,True,False,False
269000,2014,998,57918,2,0,0,False,True,False,True
421000,2020,998,64311,1,9,4,True,True,False,False
311000,2012,1197,55346,1,25,9,True,True,False,True
412000,2014,1373,58200,1,27,6,True,True,False,True
613000,2020,1197,30892,1,5,2,True,True,False,True
325000,2017,998,49080,1,17,3,True,False,False,True
381000,2020,998,39522,1,3,3,False,True,False,True
416000,2017,1197,61039,1,15,1,True,True,False,True
264000,2016,796,17816,1,3,4,True,True,False,True
645000,2021,1197,7386,1,4,0,True,True,False,True
497000,2020,1197,65122,1,6,5,True,True,False,True
634000,2020,1197,40126,1,6,2,True,False,False,True
426000,2020,998,75502,1,20,3,True,True,False,False
638000,2023,1197,14887,1,11,7,True,True,False,True
559000,2023,1197,11194,1,3,0,True,True,False,True
468000,2019,1197,42091,2,10,8,False,True,False,True
356000,2017,998,81370,1,4,11,True,True,False,False
502000,2021,1197,24003,2,3,4,False,True,False,True
284000,2014,998,58808,2,13,3,True,False,False,True
837000,2021,1462,29125,2,3,0,True,False,False,True
563000,2022,998,23928,1,9,0,False,True,False,False
593000,2019,1197,40276,2,4,1,True,False,False,True
437000,2018,1197,53062,1,22,7,True,True,False,True
211000,2015,796,67219,2,9,6,True,True,False,True
278000,2016,998,37983,1,6,8,True,True,False,True
292000,2016,998,121389,1,27,0,True,True,False,True
420000,2019,1196,43731,1,4,9,True,True,False,True
230000,2016,796,89853,1,25,7,False,True,False,True
553000,2020,1197,27940,2,7,0,False,True,False,True
269000,2014,1197,57273,1,0,0,True,True,False,True
588000,2020,1197,66093,2,21,6,True,True,False,True
648000,2019,1197,22779,2,2,3,True,False,False,True
495000,2017,1197,50509,1,24,2,False,False,False,True
397000,2018,998,72457,1,7,9,True,True,False,False
449000,2018,1197,100481,1,15,4,True,False,False,False
476000,2019,1197,34898,1,11,4,True,True,False,True
503000,2017,1197,65806,1,28,6,True,True,False,True
619000,2023,998,14131,1,6,1,True,True,False,False
409000,2020,998,29987,1,7,2,True,True,False,True
536000,2022,1197,17745,1,1,1,True,True,False,True
422000,2017,1197,87820,1,10,6,True,True,False,True
516000,2018,1197,36970,1,6,9,True,True,False,True
139000,2011,998,83452,1,27,5,False,True,False,True
626000,2017,1373,33161,1,5,3,True,True,False,True
587000,2018,1197,60275,2,13,7,False,False,False,True
556000,2018,1197,30781,2,7,11,False,True,False,True
689000,2016,1248,81814,2,21,5,True,True,True,False
667000,2021,1197,31851,1,12,2,True,True,False,True
713000,2020,1197,34551,2,5,7,True,False,False,True
542000,2021,1197,16495,1,8,0,True,True,False,True
556000,2019,1197,32226,1,3,0,False,False,False,True
373000,2019,796,16511,2,13,7,True,True,False,True
916000,2022,1462,46533,2,13,0,True,True,False,True
313000,2017,796,23280,1,0,0,True,True,False,True
682000,2018,1197,53792,1,19,3,True,False,False,True
517000,2023,998,19602,1,3,0,False,True,False,True
446000,2018,998,97537,2,27,2,False,True,False,True
475000,2022,998,37808,1,12,3,False,True,False,True
452000,2021,998,21839,2,6,2,True,True,False,True
437000,2017,998,65272,2,13,5,True,False,False,True
680000,2017,1373,33499,2,20,3,True,True,False,True
736000,2018,1462,73050,1,23,1,True,True,False,True
438000,2016,1197,70948,3,17,4,True,True,False,True
590000,2017,1197,49352,1,19,0,True,False,False,True
743000,2022,1197,19025,1,9,4,False,True,False,True
1220000,2023,1462,8264,1,10,0,False,True,False,True
739000,2020,1197,62438,1,4,4,True,True,False,True
319000,2013,998,66819,1,21,8,True,True,False,True
1182000,2023,1462,8727,1,4,0,False,True,False,True
581000,2022,998,16952,1,7,2,False,True,False,True
784000,2020,1462,49739,1,19,8,False,True,False,True
392000,2018,998,119383,1,26,10,True,False,False,True
539000,2016,1248,95343,2,27,9,True,True,True,False
468000,2017,1197,79548,2,14,4,False,True,False,True
254000,2014,998,50925,2,14,4,False,True,False,True
398000,2018,1196,89906,1,11,9,False,True,False,True
568000,2017,1197,68932,1,21,6,False,False,False,True
692000,2018,1373,77543,1,10,8,False,False,False,True
527000,2016,1197,57417,1,14,4,True,True,False,True
807000,2022,1197,44513,1,11,4,False,True,False,True
300000,2017,796,56946,1,7,1,True,True,False,True
332000,2019,796,35479,2,20,8,False,True,False,True
578000,2016,1248,88396,2,28,5,True,False,True,False
501000,2019,1197,29420,2,10,3,False,True,False,True
660000,2018,1197,59613,2,17,1,True,False,False,True
584000,2017,1197,86069,2,26,14,True,True,False,True
476000,2021,998,18880,2,6,0,False,False,False,True
531000,2021,998,6549,1,5,1,False,True,False,True
415000,2022,796,19497,1,7,5,False,True,False,True
744000,2020,1197,72538,1,6,8,True,False,False,True
673000,2023,1197,20335,1,9,4,True,False,False,True
396000,2016,998,74308,1,29,1,True,False,False,True
450000,2022,796,7184,1,3,0,False,True,False,True
573000,2017,998,90881,1,24,1,False,True,False,True
447000,2018,998,85129,1,16,6,False,False,False,True
465000,2020,998,40092,2,6,6,True,False,False,True
460000,2018,1197,81794,1,2,0,True,True,False,True
713000,2020,1197,70579,2,22,2,False,False,False,True
449000,2019,998,70604,1,14,9,True,False,False,True
320000,2018,796,35716,1,14,8,False,True,False,True
637000,2017,1197,29975,1,7,2,True,False,False,True
436000,2017,998,55485,1,9,0,False,True,False,True
707000,2018,1462,78170,2,12,3,False,True,False,True
321000,2019,796,53567,2,9,5,False,True,False,True
532000,2023,998,14243,1,4,4,False,True,False,True
445000,2020,998,23216,1,9,0,True,True,False,True
340000,2017,998,70222,1,25,11,True,True,False,True
502000,2019,1197,98073,1,10,13,False,False,False,True
631000,2017,1197,78967,1,11,7,False,False,False,True
472000,2021,998,10432,1,1,1,False,True,False,True
637000,2022,1197,17243,1,7,0,False,True,False,True
608000,2022,998,58811,1,3,1,True,True,False,True
419000,2014,1197,55989,2,0,0,False,True,False,True
504000,2016,1197,69898,1,13,3,False,True,False,True
382000,2015,998,59745,1,16,10,False,True,False,True
545000,2020,1197,35706,1,10,2,False,True,False,True
464000,2018,998,72164,1,3,0,True,False,False,True
695000,2018,1373,66598,1,6,2,False,True,False,True
440000,2020,998,14896,2,12,1,True,True,False,True
459000,2020,998,27608,1,13,0,False,True,False,True
418000,2015,1197,59471,3,4,7,True,True,False,True
210000,2013,796,79677,2,12,18,True,True,False,True
278000,2016,796,70249,1,0,0,True,True,False,True
371000,2019,796,17290,1,35,5,True,True,False,True
556000,2022,998,20313,1,7,1,True,True,False,True
452000,2019,998,20840,1,9,3,False,False,False,True
661000,2023,1197,5098,1,12,2,True,True,False,True
473000,2022,998,15094,1,4,1,True,True,False,True
370000,2019,796,21999,1,0,0,True,True,False,True
598000,2020,1197,52423,1,10,1,False,False,False,True
558000,2018,1197,73333,2,12,6,True,True,False,True
702000,2022,1197,15176,1,18,5,False,True,False,True
689000,2022,1197,31947,1,13,3,False,True,False,True
505000,2021,998,12067,1,11,7,True,False,False,True
526000,2016,1197,27297,1,5,4,True,True,False,True
589000,2021,1197,58463,1,8,9,False,True,False,True
661000,2022,1197,45808,1,6,0,False,True,False,True
760000,2023,1197,2462,1,4,0,False,True,False,True
600000,2019,1197,76024,2,11,8,False,True,False,True
653000,2018,1197,24902,2,30,1,True,False,False,True
322000,2013,998,29532,2,10,3,True,True,False,True
444000,2017,1197,113744,1,12,8,True,False,False,True
668000,2018,1197,61641,1,6,5,True,True,False,True
626000,2017,1373,77367,2,21,2,False,True,False,True
512000,2016,1197,67466,1,2,2,True,True,False,True
574000,2018,1197,62367,1,15,3,True,True,False,True
452000,2016,1197,86609,1,13,7,False,True,False,True
386000,2021,796,2632,1,6,1,True,True,False,True
360000,2020,796,5093,1,2,0,False,True,False,True
384000,2017,1197,51920,1,18,8,False,True,False,True
641000,2022,998,31366,1,7,1,True,True,False,False
547000,2016,1197,80251,1,24,6,False,True,False,True
634000,2017,1373,80422,1,13,0,True,True,False,True
453000,2019,998,54226,1,20,1,True,False,False,True
592000,2021,998,48061,1,9,4,False,False,False,True
592000,2020,1197,28300,1,14,1,False,False,False,True
807000,2020,1462,38299,1,13,4,True,True,False,True
817000,2018,1373,40101,1,10,3,False,False,False,True
355000,2020,796,24744,1,28,12,True,True,False,True
579000,2019,1197,77467,1,11,3,False,True,False,True
329000,2019,796,43424,1,11,2,False,True,False,True
346000,2018,998,85701,1,21,9,True,False,False,True
330000,2014,998,70820,2,16,9,True,True,False,True
319000,2019,796,41155,1,17,5,False,True,False,True
473000,2014,1197,32533,1,8,2,True,True,False,True
470000,2019,998,49904,1,3,6,False,True,False,True
436000,2017,998,22526,1,0,0,True,True,False,True
694000,2018,1197,24368,2,1,2,False,False,False,True
506000,2017,1197,51952,2,3,1,True,False,False,True
453000,2015,998,69645,1,10,6,True,True,False,True
746000,2017,1373,32897,1,11,6,True,True,False,True
638000,2016,1197,57333,1,6,0,True,True,False,True
1069000,2022,1462,59304,1,1,0,False,True,False,True
486000,2014,1197,73239,1,15,4,False,True,False,True
663000,2017,1373,43129,1,8,0,True,True,False,True
644000,2017,1197,80229,1,8,1,False,False,False,True
470000,2018,1197,92528,2,6,10,True,True,False,True
696000,2023,1197,19575,1,4,0,True,True,False,True
253000,2012,796,33134,1,22,1,True,True,False,True
546000,2015,1197,34673,1,0,0,False,True,False,True
821000,2020,1462,31444,1,1,0,False,True,False,True
444000,2013,1248,96413,1,0,0,False,True,True,False
463000,2012,1197,64557,1,0,0,True,True,False,True
612000,2017,1197,22456,2,13,4,True,False,False,True
1108000,2023,1462,20888,1,1,0,True,True,False,True
487000,2014,1197,70716,1,0,0,False,True,False,True
361000,2011,1197,64003,1,13,5,False,True,False,True
697000,2017,1248,109407,1,35,5,False,True,True,False
694000,2019,1197,54029,1,14,3,False,True,False,True
418000,2017,998,51689,2,10,0,False,True,False,True
452000,2017,998,38004,2,19,1,False,True,False,True
662000,2017,1197,46751,1,3,3,False,True,False,True
1599000,2022,1462,14358,1,3,0,True,True,False,True
512000,2021,1197,39945,1,4,2,False,True,False,True
597000,2018,1197,57341,1,3,0,True,False,False,True
963000,2020,1462,43181,1,6,0,True,False,False,True
619000,2019,1197,32730,2,14,1,True,True,False,True
1192000,2022,1462,29126,1,2,0,True,False,False,True
1007000,2021,1462,33525,1,0,0,True,False,False,True
480000,2015,1373,83683,2,14,5,False,False,False,True
547000,2014,1373,70337,1,22,9,True,True,False,True
279000,2014,796,64243,1,25,3,False,True,False,True
567000,2017,1197,57560,1,22,5,True,True,False,True
518000,2016,1197,86301,2,3,0,True,True,False,True
657000,2023,1197,2896,1,6,6,True,True,False,True
411000,2013,1197,59700,3,0,0,True,True,False,True
508000,2020,1197,66530,1,16,4,True,True,False,True
754000,2016,1248,94438,1,20,9,True,True,True,False
709000,2016,1248,91544,1,7,4,False,True,True,False
295000,2013,998,97830,2,25,4,False,True,False,True
473000,2017,1197,47285,1,8,1,False,True,False,True
560000,2016,1197,53462,1,0,0,False,True,False,True
758000,2021,1197,29003,1,1,0,False,False,False,True
336000,2019,796,39868,1,2,1,True,True,False,True
624000,2022,1197,8524,1,1,0,True,True,False,True
465000,2017,1197,95525,2,3,5,False,False,False,True
619000,2017,1197,81548,1,16,4,False,True,False,True
587000,2017,1197,105779,1,25,3,True,False,False,True
362000,2011,1248,72644,1,0,0,True,True,True,False
394000,2015,998,39773,1,6,1,False,True,False,True
379000,2013,1248,93871,3,0,0,False,True,True,False
502000,2019,998,27215,2,19,2,True,False,False,True
722000,2018,1248,82882,1,19,8,False,True,True,False
515000,2023,998,8882,1,6,4,False,True,False,True
610000,2021,1197,31951,1,4,6,False,False,False,True
564000,2020,1197,15178,1,8,1,True,True,False,True
525000,2016,1197,69995,1,10,1,True,True,False,True
620000,2016,1197,29641,1,1,3,True,True,False,True
442000,2021,998,9677,2,6,1,False,False,False,True
336000,2015,998,49078,2,20,0,True,True,False,True
491000,2014,1197,41074,1,29,5,False,True,False,True
1123000,2021,1462,38819,1,6,1,True,False,False,True
692000,2019,1197,59228,1,23,6,True,True,False,True
673000,2019,1197,65568,2,10,2,False,False,False,True
793000,2020,1462,52878,2,11,2,False,True,False,True
210000,2011,998,69568,2,12,0,False,True,False,True
581000,2015,1248,63916,2,8,1,False,True,True,False
629000,2017,1197,67275,2,8,7,True,False,False,True
496000,2019,998,23686,2,7,2,False,False,False,True
362000,2014,998,14522,2,5,0,True,False,False,True
688000,2018,1197,19437,1,8,1,True,True,False,True
437000,2018,998,69515,1,8,2,False,True,False,True
618000,2017,1197,79589,1,0,0,True,False,False,True
530000,2014,1248,89284,1,31,3,True,True,True,False
716000,2016,1248,78922,2,14,3,False,True,True,False
367000,2014,1197,73631,2,0,0,False,True,False,True
465000,2017,1197,56427,1,15,2,False,True,False,True
596000,2016,1373,75940,1,15,2,True,True,False,True
376000,2012,1197,104807,3,0,0,True,True,False,True
650000,2021,998,45807,1,11,4,True,False,False,True
683000,2019,1197,58029,1,2,0,False,True,False,True
721000,2020,1197,38807,2,6,2,False,False,False,True
495000,2014,1197,56168,1,18,0,True,True,False,True
629000,2016,1373,66695,1,17,8,True,False,False,True
755000,2019,1462,12567,1,6,1,False,True,False,True
515000,2017,1197,77191,2,0,0,False,True,False,True
673000,2017,1248,77413,2,9,6,False,False,True,False
348000,2011,1197,61266,1,10,6,False,True,False,True
613000,2017,1197,22396,2,14,7,True,True,False,True
381000,2016,998,69324,1,19,4,True,False,False,True
563000,2022,998,28788,1,9,0,False,True,False,True
388000,2012,1197,97699,1,0,0,False,True,False,True
208000,2010,998,103867,2,35,10,False,True,False,True
716000,2019,1197,36932,1,17,1,True,True,False,True
565000,2016,1373,96520,2,13,9,False,False,False,True
566000,2021,998,22245,1,11,2,False,True,False,True
299000,2014,998,49599,1,5,0,False,True,False,True
245000,2011,998,53178,3,31,2,False,True,False,True
643000,2022,998,27743,1,0,0,True,False,False,True
479000,2018,998,43407,1,19,4,False,False,False,True
261000,2012,998,71079,1,13,0,False,True,False,True
779000,2020,1462,60741,1,9,2,False,True,False,True
956000,2020,1462,12867,1,2,0,False,False,False,True
694000,2019,1197,28533,2,5,3,True,False,False,True
450000,2014,1197,71516,1,0,0,False,True,False,True
441000,2013,1197,27532,1,0,0,False,True,False,True
620000,2016,1373,68199,2,8,5,False,True,False,True
320000,2015,998,110669,1,34,3,True,True,False,True
527000,2019,998,30598,1,14,4,False,False,False,True
700000,2015,1373,46440,1,3,1,False,True,False,True
718000,2018,1197,64747,1,15,1,False,True,False,True
563000,2018,1197,43456,2,5,2,True,False,False,True
352000,2011,1197,104553,1,25,13,True,True,False,True
702000,2018,1197,26277,2,6,1,True,False,False,True
267000,2014,998,63792,1,0,0,True,True,False,True
424000,2017,998,36404,2,7,9,False,False,False,True
538000,2015,1373,97889,2,41,11,True,True,False,True
440000,2016,998,29309,2,5,2,False,True,False,True
411000,2012,1248,110904,2,32,11,False,True,True,False
471000,2015,1197,74945,3,19,0,False,True,False,True
415000,2013,1248,97837,3,0,0,False,True,True,False
745000,2023,998,8230,1,0,0,True,False,False,True
502000,2019,998,67526,1,11,0,True,False,False,True
390000,2016,998,48043,1,10,2,False,False,False,True
492000,2015,1197,40348,2,14,0,False,True,False,True
997000,2022,1462,14772,1,0,0,True,True,False,True
840000,2020,1462,70110,1,0,0,False,False,False,True
363000,2014,998,35720,1,7,1,False,True,False,True
898000,2019,1462,29041,2,2,1,False,False,False,True
686000,2018,1197,38445,1,10,3,False,True,False,True
267000,2011,998,79659,1,6,13,False,True,False,True
699000,2017,1197,23573,1,4,1,False,True,False,True
406000,2016,998,77319,1,28,7,False,True,False,True
651000,2021,998,8254,1,5,0,False,True,False,True
580000,2023,998,6675,2,1,1,True,False,False,True
398000,2014,998,10558,1,2,4,True,False,False,True
1364000,2023,1462,11016,1,0,0,False,False,False,True
352000,2015,998,77640,1,11,3,True,True,False,True
284000,2013,998,24202,1,33,6,False,True,False,True
408000,2016,998,38333,1,3,1,False,False,False,True
567000,2023,998,3136,1,1,0,False,False,False,True
443000,2020,998,21196,1,5,0,True,True,False,True
823000,2021,1197,26477,2,3,0,False,False,False,True
697000,2019,1197,21955,1,12,0,False,False,False,True
755000,2022,1197,16023,1,9,0,True,False,False,True
275000,2013,796,46661,1,16,3,False,True,False,True
849000,2022,1197,24567,1,3,0,False,False,False,True
543000,2017,1197,68890,1,10,7,False,False,False,True
512000,2012,1197,36201,1,27,3,True,True,False,True
275000,2011,998,34408,2,6,3,True,True,False,True
445000,2018,998,80488,2,10,6,True,False,False,True
420000,2017,998,113666,1,20,1,True,False,False,True
593000,2023,998,7370,1,3,0,True,False,False,True
555000,2016,1197,70649,1,0,0,True,True,False,True
750000,2018,1462,42483,1,14,4,False,True,False,True
352000,2016,998,19613,2,12,7,False,True,False,True
775000,2015,1248,57858,1,10,2,False,True,True,False
646000,2017,1197,48247,1,6,8,True,True,False,True
571000,2023,998,11631,1,2,0,True,False,False,True
503000,2019,998,66087,1,1,5,False,False,False,True
476000,2016,998,51729,1,6,0,True,False,False,True
463000,2020,998,18350,2,5,0,False,False,False,True
397000,2015,998,38523,1,8,5,False,False,False,True
375000,2015,998,27184,2,18,2,True,True,False,True
904000,2019,1462,49968,1,6,2,True,False,False,True
401000,2012,1248,96264,2,0,0,False,True,True,False
555000,2016,1197,92616,2,14,2,False,True,False,True
456000,2017,998,37599,1,0,0,False,True,False,True
367000,2014,998,75385,2,1,0,True,False,False,True
486000,2022,998,6410,1,2,0,True,True,False,True
456000,2021,998,34267,2,10,1,False,True,False,True
254000,2012,998,71979,1,8,4,True,True,False,True
560000,2014,1248,86623,2,42,10,False,True,True,False
421000,2013,1197,106215,2,0,0,False,True,False,True
674000,2016,1373,34800,2,19,9,False,True,False,True
1005000,2018,1248,69668,1,16,0,False,True,True,False
710000,2018,1373,49559,2,4,1,False,True,False,True
660000,2018,1197,36967,1,2,0,False,False,False,True
372000,2014,998,71320,1,0,0,True,False,False,True
420000,2021,796,28158,1,4,1,True,True,False,True
358000,2013,998,40896,1,10,5,False,True,False,True
660000,2021,998,20754,1,3,0,False,False,False,True
439000,2016,998,62383,1,0,0,False,False,False,True
511000,2022,998,13847,1,4,0,False,True,False,True
392000,2017,998,13628,1,28,4,False,True,False,True
662000,2017,1197,57040,1,10,4,False,True,False,True
917000,2019,1462,41774,1,4,0,False,False,False,True
443000,2017,998,84182,2,18,1,True,False,False,True
442000,2016,998,62447,1,11,1,False,False,False,True
610000,2016,1197,91417,2,11,4,True,False,False,True
411000,2019,998,44848,1,18,1,False,True,False,True
765000,2018,1373,50334,2,22,5,False,False,False,True
615000,2019,1197,16416,2,7,0,False,False,False,True
534000,2018,998,35370,1,13,1,False,False,False,True
414000,2015,998,31672,1,6,3,False,True,False,True
397000,2021,796,29878,2,4,0,False,True,False,True
815000,2021,1197,19123,1,0,0,True,False,False,True
754000,2023,1197,4714,1,1,0,True,False,False,True
577000,2018,1197,37330,2,14,5,False,True,False,True
733000,2023,1197,9075,1,2,0,True,True,False,True
772000,2022,1197,34474,1,0,0,True,True,False,True
349000,2011,1248,110407,2,11,7,False,True,True,False
842000,2022,1197,31459,1,23,4,True,False,False,True
631000,2018,1197,44996,1,7,2,False,False,False,True
504000,2017,1373,94757,1,16,7,True,True,False,True
667000,2021,1197,32596,2,7,8,False,False,False,True
981000,2020,1462,50421,1,2,0,False,False,False,True
562000,2016,1197,72633,1,6,4,False,True,False,True
322000,2011,1197,86282,2,0,0,False,True,False,True
670000,2019,1197,24160,1,7,0,False,True,False,True
428000,2018,998,95626,2,5,0,True,False,False,True
410000,2015,998,29628,1,12,6,False,False,False,True
564000,2012,1248,106213,1,19,6,True,True,True,False
563000,2017,1197,37343,1,11,8,False,True,False,True
445000,2016,998,43855,1,13,0,False,False,False,True
404000,2015,998,52643,1,13,1,False,False,False,True
405000,2020,796,2598,1,6,5,True,True,False,True
216000,2011,998,109991,2,29,10,False,True,False,True
617000,2013,1373,51980,1,5,6,True,True,False,True
532000,2018,1197,45037,2,22,18,True,True,False,True
1033000,2022,1462,9884,1,2,1,False,True,False,True
593000,2013,1373,92460,2,6,4,False,True,False,True
486000,2020,998,18106,1,6,0,False,False,False,True
334000,2017,998,72033,1,19,11,False,True,False,True
469000,2019,998,56397,1,4,1,False,False,False,True
670000,2017,998,36274,1,3,0,False,True,False,True
517000,2018,998,10280,1,2,0,False,False,False,True
678000,2016,1373,68828,1,9,0,False,True,False,True
466000,2014,1197,75750,2,20,0,False,True,False,True
522000,2014,1197,32287,1,4,2,False,True,False,True
668000,2019,1197,20945,1,2,0,True,True,False,True
373000,2017,998,32880,2,2,0,False,False,False,True
445000,2018,1196,66374,1,8,0,False,True,False,True
553000,2018,1197,26638,2,3,0,False,True,False,True
495000,2015,1373,95738,2,10,9,False,True,False,True
662000,2021,1197,13228,1,15,0,False,True,False,True
393000,2018,998,39995,3,12,8,False,True,False,True
240000,2012,796,37089,1,21,2,True,True,False,True
363000,2015,998,46241,2,1,1,False,True,False,True
531000,2016,1197,83635,3,5,11,True,False,False,True
507000,2016,1197,74061,2,11,4,True,True,False,True
991000,2023,1197,5154,1,2,0,False,False,False,True
655000,2018,1462,91521,1,26,5,True,True,False,True
505000,2016,1197,44499,2,8,4,False,True,False,True
701000,2021,1197,17079,1,8,0,False,True,False,True
639000,2017,1373,73371,1,8,2,False,False,False,True
1044000,2021,1462,22250,1,6,0,False,False,False,True
450000,2014,1197,89872,1,11,9,True,True,False,True
368000,2021,998,35273,1,13,2,True,True,False,True
714000,2019,1197,25462,1,7,1,True,True,False,True
665000,2018,1197,54397,1,5,3,True,False,False,True
849000,2022,1197,9369,1,7,0,True,False,False,True
654000,2018,998,61005,1,16,6,False,True,False,True
607000,2018,1197,29219,1,13,3,True,False,False,True
661000,2016,1248,60384,2,15,3,True,True,True,False
571000,2014,1373,92745,2,15,3,False,True,False,True
664000,2017,1197,49591,1,0,0,False,True,False,True
634000,2016,1197,27306,1,6,2,True,True,False,True
250000,2014,998,99832,2,36,2,False,True,False,True
420000,2016,998,28404,2,8,3,True,False,False,True
701000,2018,1248,80245,2,6,0,False,True,True,False
369000,2016,998,30851,1,15,6,True,False,False,True
400000,2017,998,17897,1,9,0,True,False,False,True
335000,2013,998,76286,1,16,4,False,True,False,True
402000,2016,998,30478,1,10,2,True,True,False,True
493000,2018,998,39085,1,22,4,False,True,False,True
388000,2016,998,15385,1,7,1,False,False,False,True
574000,2015,1197,30728,1,8,2,False,True,False,True
832000,2016,1248,39774,1,7,1,False,True,True,False
500000,2019,1197,16796,2,6,1,True,False,False,True
460000,2016,998,16385,2,4,2,True,True,False,True
428000,2018,1197,73809,1,4,1,False,True,False,True
551000,2016,1197,47679,2,1,4,False,True,False,True
564000,2019,1197,13515,2,2,0,False,False,False,True
211000,2014,796,56977,2,5,7,False,True,False,True
722000,2021,1462,29865,1,1,1,True,True,False,True
380000,2018,998,89536,1,7,5,False,True,False,False
497000,2023,796,18726,1,2,1,True,True,False,False
596000,2020,1197,81469,1,0,0,True,True,False,True
616000,2020,1197,70958,1,6,6,True,True,False,True
387000,2021,796,18403,2,1,1,True,True,False,True
616000,2020,1197,39992,1,3,1,True,True,False,True
671000,2019,1462,43437,1,2,3,True,True,False,True
896000,2023,1197,22213,1,5,0,True,True,False,True
451000,2018,1197,34558,1,5,2,True,True,False,True
390000,2022,796,24676,1,2,0,True,True,False,True
571000,2022,998,16915,1,2,0,True,True,False,True
945000,2022,1462,27376,2,0,0,True,True,False,True
642000,2017,1373,53155,1,6,2,True,True,False,True
575000,2017,1197,76378,1,1,7,True,True,False,True
517000,2022,1197,14787,1,1,1,False,True,False,True
730000,2021,1197,27957,1,11,2,True,True,False,True
556000,2018,1248,96173,2,7,1,False,True,True,False
570000,2017,1248,60592,2,4,0,True,True,True,False
708000,2019,1197,14032,2,5,0,True,False,False,True
369000,2014,1197,124105,1,0,0,True,True,False,False
678000,2020,1197,45992,1,2,5,True,False,False,True
295000,2014,998,106679,1,29,10,False,False,False,True
743000,2021,1197,24487,1,8,5,False,False,False,True
873000,2020,1462,45058,1,1,0,True,False,False,True
467000,2022,796,21422,1,1,2,True,True,False,False
240000,2017,796,110866,3,0,0,False,True,False,True
632000,2016,1248,86345,2,0,0,True,True,True,False
295000,2014,998,99572,1,25,3,True,True,False,True
1051000,2022,1462,13425,1,0,0,True,True,False,True
489000,2023,998,10106,1,3,0,True,True,False,True
318000,2016,998,73723,2,26,15,True,True,False,True
516000,2018,1197,86832,2,10,5,True,True,False,True
320000,2018,998,46028,2,14,9,True,True,False,True
579000,2020,1197,61231,2,3,5,True,True,False,True
542000,2017,1248,121126,1,30,6,True,True,True,False
313000,2019,796,64745,1,0,0,False,True,False,True
364000,2020,796,32946,1,7,5,True,True,False,True
240000,2012,998,83474,1,0,0,False,True,False,True
561000,2016,1373,54635,1,3,9,True,True,False,True
385000,2017,1197,51758,2,12,8,False,True,False,True
894000,2023,1197,10731,1,0,0,False,True,False,True
709000,2016,1248,88267,1,5,2,True,True,True,False
861000,2022,1197,8368,2,8,2,True,False,False,True
665000,2016,1248,40789,1,32,5,True,True,False,True
850000,2021,1462,11395,1,13,4,True,True,False,True
423000,2022,998,10776,1,4,2,True,True,False,True
300000,2017,796,34461,1,0,0,True,True,False,True
363000,2017,998,104045,1,0,0,False,True,False,True
759000,2022,1197,12276,1,0,0,True,True,False,True
339000,2020,796,29588,2,3,6,True,True,False,True
536000,2020,998,44011,1,0,0,False,True,False,False
584000,2019,1197,19224,1,4,0,False,True,False,True
471000,2016,1197,71982,1,8,4,False,True,False,True
659000,2021,1197,23479,1,1,4,True,True,False,True
556000,2020,998,29795,1,1,3,False,True,False,False
613000,2017,1248,70959,1,36,8,True,True,True,False
501000,2019,1197,27734,1,7,2,True,False,False,True
532000,2016,1197,47275,2,11,4,True,True,False,True
407000,2020,998,66068,2,6,1,True,False,False,True
471000,2017,1197,71220,2,1,0,True,True,False,True
699000,2021,1197,24719,1,6,2,True,True,False,True
480000,2017,1197,89264,1,0,0,True,True,False,True
320000,2019,796,57555,2,2,2,True,True,False,True
850000,2021,1462,28610,1,3,4,True,True,False,True
471000,2022,998,15847,1,0,0,True,True,False,True
327000,2014,998,115256,1,22,6,True,True,False,False
527000,2020,1197,35507,2,0,0,False,True,False,True
481000,2016,1197,59200,1,2,6,True,True,False,True
955000,2022,1462,35515,1,21,9,False,False,False,True
514000,2017,1197,99026,3,5,4,True,True,False,True
454000,2022,998,17426,1,4,4,True,True,False,True
592000,2018,1197,64827,1,3,9,False,False,False,True
418000,2018,1197,94910,1,16,0,False,True,False,True
733000,2022,1197,35783,1,2,1,False,True,False,True
482000,2022,998,28393,1,1,0,True,True,False,True
699000,2021,1197,36251,1,1,1,True,True,False,True
635000,2020,1197,57587,1,6,3,False,True,False,True
593000,2020,1197,54733,1,11,4,True,True,False,True
565000,2017,1197,73866,1,9,10,False,True,False,True
417000,2021,998,63516,1,3,3,True,True,False,True
567000,2017,1197,76121,1,6,3,True,True,False,True
518000,2018,1197,104977,1,29,3,True,False,False,True
326000,2014,998,53063,2,11,5,False,True,False,True
740000,2019,1462,86706,1,3,3,True,False,False,True
635000,2021,1197,38303,1,4,1,True,True,False,True
633000,2021,1197,38969,1,4,1,False,True,False,True
645000,2020,1197,71127,1,15,1,False,True,False,True
724000,2021,1197,23309,1,1,0,True,True,False,True
381000,2015,1196,48661,1,7,1,True,True,False,False
294000,2014,998,45538,2,2,0,False,True,False,True
489000,2017,1197,46407,1,11,2,True,True,False,True
496000,2017,1197,69471,1,5,3,False,True,False,True
839000,2020,1462,40753,1,3,1,True,True,False,True
793000,2020,1462,23702,1,15,5,False,True,False,True
242000,2014,998,49148,1,1,0,True,True,False,True
457000,2023,998,9048,1,4,1,False,True,False,True
280000,2017,796,35703,2,3,6,False,True,False,True
461000,2017,1197,30087,1,2,5,True,False,False,True
489000,2016,1197,29235,1,9,2,True,True,False,True
402000,2020,998,26931,1,2,3,True,True,False,True
789000,2022,1197,24102,2,5,0,True,False,False,True
945000,2023,1462,8899,1,8,0,True,True,False,True
240000,2016,796,68741,2,3,5,False,True,False,True
570000,2017,1197,21576,1,2,7,True,False,False,True
904000,2021,1462,37265,1,7,7,True,False,False,True
532000,2018,1197,50480,1,7,5,True,True,False,True
548000,2018,1197,72942,1,4,5,True,True,False,True
602000,2021,1197,38880,1,2,3,False,True,False,True
471000,2017,1197,37621,1,5,3,True,False,False,True
643000,2021,1197,12797,1,1,0,True,True,False,True
763000,2021,1197,31625,1,7,3,True,False,False,True
657000,2021,1197,11595,1,5,0,True,True,False,True
422000,2017,1196,93158,1,3,2,True,True,False,False
892000,2018,1248,67348,1,4,0,True,True,True,False
633000,2021,1197,25625,1,8,1,False,True,False,True
375000,2013,1197,70348,1,18,7,True,True,False,True
226000,2014,998,36066,2,4,6,True,True,False,True
443000,2019,998,53840,1,0,0,True,True,False,True
513000,2017,1197,60499,1,26,3,True,True,False,True
610000,2017,1248,72753,1,9,1,True,True,True,False
389000,2018,998,30552,1,7,2,False,True,False,True
475000,2017,1197,97030,1,11,6,True,True,False,True
351000,2016,998,73539,2,15,6,True,False,False,True
770000,2018,1462,27894,1,17,3,True,True,False,True
421000,2017,998,19767,1,9,1,True,False,False,True
648000,2018,1373,64686,1,14,1,True,False,False,True
552000,2017,1197,75059,1,5,6,True,True,False,True
638000,2020,1197,58346,1,1,0,False,True,False,True
512000,2016,1248,79630,1,8,7,True,True,True,False
621000,2021,1197,44299,1,1,0,False,True,False,True
862000,2021,1462,19901,1,1,0,False,True,False,True
507000,2015,1373,50022,1,5,2,False,True,False,True
554000,2019,1197,58679,1,24,4,True,True,False,True
557000,2017,1373,73948,2,4,5,True,True,False,True
256000,2012,998,55994,1,20,9,False,True,False,True
